application_id,candidate_id,job_id,recruiter_id,applied_date,stage,closed_date
APP000001,CAND00001,JOB0004,R001,02/11/2024,Rejected,2024-12-10
APP000002,CAND00002,JOB0029,R003,,Interview,
APP000003,CAND00002,JOB0035,R005,2024-06-07,Offer,
APP000004,CAND00003,JOB0005,R003,25-Nov-2024,Rejected,2024-12-04
APP000005,CAND00004,JOB0025,R004,2024-10-30,Rejected,03-Nov-2024
APP000006,CAND00004,JOB0035,R003,14/07/2024,Withdrawn,26-Jul-2024
APP000007,CAND00005,JOB0024,R005,2024-11-16,Offer,
APP000008,CAND00005,JOB0037,R005,06/07/2024,Interview,
APP000009,CAND00005,JOB0023,R005,2024-07-15,Interview,
APP000010,CAND00006,JOB0017,R005,08-Oct-2024,Screening,
APP000011,CAND00006,JOB0036,R001,2025-01-15,Offer,
APP000012,CAND00007,JOB0013,R003,2024-10-18,Interview,
APP000013,CAND00008,JOB0007,R002,2024-12-02,Offer,
APP000014,CAND00009,JOB0020,R005,18/10/2024,Offer,
APP000015,CAND00009,JOB0028,R002,20-May-2025,Applied,
APP000016,CAND00010,JOB0028,R003,03-Jun-2025,Rejected,2025-06-14
APP000017,CAND00010,JOB0020,R002,22/09/2024,Offer,
APP000018,CAND00010,JOB0018,R003,31-Dec-2024,Rejected,15-Jan-2025
APP000019,CAND00011,JOB0033,R005,31/07/2025,Applied,
APP000020,CAND00012,JOB0003,R005,07/04/2024,Screening,
APP000021,CAND00013,JOB0026,R003,2024-02-05,Rejected,2024-03-16
APP000022,CAND00014,JOB0033,R005,13/05/2025,Offer,
APP000023,CAND00015,JOB0029,R005,17/01/2025,Screening,
APP000024,CAND00016,JOB0031,R004,2025-05-19,Applied,
APP000025,CAND00016,JOB0015,R005,01/10/2025,Offer,
APP000026,CAND00016,JOB0031,R003,2025-06-01,Rejected,06/06/2025
APP000027,CAND00017,JOB0017,R002,2024-11-27,Interview,
APP000028,CAND00018,JOB0005,R002,16/12/2024,Screening,
APP000029,CAND00018,JOB0023,R005,,Rejected,17/10/2024
APP000030,CAND00019,JOB0005,R002,2024-12-15,Offer,
APP000031,CAND00020,JOB0008,R003,10-May-2024,Screening,
APP000032,CAND00020,JOB0031,R002,04/06/2025,Screening,
APP000033,CAND00021,JOB0003,R002,2024-02-13,Offer,
APP000034,CAND00022,JOB0010,R002,21/03/2024,Screening,
APP000035,CAND00022,JOB0037,R003,06/12/2024,Applied,
APP000036,CAND00023,JOB0031,R004,04/06/2025,Screening,
APP000037,CAND00023,JOB0012,R003,2024-11-09,Offer,
APP000038,CAND00024,JOB0039,R004,2025-02-02,Applied,
APP000039,CAND00024,JOB0013,R004,10-Oct-2024,Rejected,2024-11-14
APP000040,CAND00025,JOB0039,R005,23-Nov-2024,Rejected,30/12/2024
APP000041,CAND00025,JOB0039,R004,27/01/2025,Rejected,
APP000042,CAND00026,JOB0028,R004,2025-05-28,Rejected,06/30/2025
APP000043,CAND00026,JOB0037,R003,04/04/2024,Interview,
APP000044,CAND00027,JOB0019,R003,2025-08-11,Rejected,09-Sep-2025
APP000045,CAND00028,JOB0034,R004,13/10/2024,Interview,
APP000046,CAND00028,JOB0021,R002,06/07/2025,Interview,
APP000047,CAND00029,JOB0035,R005,2024-07-31,Offer,
APP000048,CAND00030,JOB0027,R002,2024-11-09,Rejected,2024-12-12
APP000049,CAND00031,JOB0037,R002,06-May-2024,Rejected,03-Jun-2024
APP000050,CAND00032,JOB0011,R004,15-Oct-2024,Screening,
APP000051,CAND00032,JOB0040,R002,2024-08-11,Hired,17-Aug-2024
APP000052,CAND00033,JOB0031,R001,2025-06-19,Interview,
APP000053,CAND00034,JOB0003,R005,17/03/2024,Rejected,04/14/2024
APP000054,CAND00034,JOB0004,R004,,Offer,
APP000055,CAND00035,JOB0019,R005,20/06/2025,Applied,
APP000056,CAND00035,JOB0040,R003,2024-06-04,offer,
APP000057,CAND00036,JOB0006,R004,01/11/2024,Rejected,
APP000058,CAND00037,JOB0005,R005,10/22/2024,Offer,
APP000059,CAND00037,JOB0018,R002,11/01/2025,Offer,
APP000060,CAND00037,JOB0001,R005,2024-02-28,Screening,
APP000061,CAND00038,JOB0022,R005,04-Apr-2024,Rejected,23/04/2024
APP000062,CAND00039,JOB0037,R003,05/23/2024,Hired,13/07/2024
APP000063,CAND00039,JOB0038,R003,2024-09-12,Interview,
APP000064,CAND00040,JOB0015,R003,14/02/2025,interview,
APP000065,CAND00041,JOB0016,R003,2024-07-18,Screening,
APP000066,CAND00042,JOB0021,R005,2025-06-29,Screening,
APP000067,CAND00042,JOB0013,R002,07-Oct-2024,Hired,2024-10-25
APP000068,CAND00043,JOB0040,R001,2024-06-28,Screening,
APP000069,CAND00044,JOB0032,R005,06/27/2024,Applied,
APP000070,CAND00044,JOB0024,R005,02-Feb-2025,Screening,
APP000071,CAND00044,JOB0033,R005,2025-06-16,Interview,
APP000072,CAND00045,JOB0031,R003,2025-06-12,Applied,
APP000073,CAND00045,JOB0012,R005,19/10/2024,Withdrawn,
APP000074,CAND00046,JOB0025,R003,23/11/2024,Screening,
APP000075,CAND00047,JOB0017,R005,2024-10-14,Screening,
APP000076,CAND00047,JOB0028,R003,2025-05-25,Interview,
APP000077,CAND00048,JOB0012,R005,03/11/2024,Screening,
APP000078,CAND00048,JOB0018,R004,2025-01-13,Offer,
APP000079,CAND00049,JOB0010,R004,13/05/2024,Rejected,27-May-2024
APP000080,CAND00049,JOB0034,R004,2024-12-05,Hired,27/01/2025
APP000081,CAND00049,JOB0026,R002,20-Jan-2024,Hired,26/01/2024
APP000082,CAND00050,JOB0022,R005,23/04/2024,Interview,
APP000083,CAND00050,JOB0023,R003,20-Jun-2024,Interview,
APP000084,CAND00051,JOB0037,R005,2024-06-04,Offer,
APP000085,CAND00052,JOB0021,R004,09-Aug-2025,Interview,
APP000086,CAND00053,JOB0030,R002,22/05/2024,Withdrawn,19/07/2024
APP000087,CAND00054,JOB0037,R001,2024-05-13,Rejected,2024-05-20
APP000088,CAND00054,JOB0019,R004,2025-08-25,Screening,
APP000089,CAND00055,JOB0038,R002,2024-11-14,Withdrawn,13-Dec-2024
APP000090,CAND00056,JOB0017,R002,2024-12-12,Hired,12/28/2024
APP000091,CAND00056,JOB0031,R004,13/06/2025,Applied,
APP000092,CAND00056,JOB0007,R001,29/11/2024,Offer,
APP000093,CAND00057,JOB0015,R002,2025-02-05,Hired,
APP000094,CAND00058,JOB0023,R005,07/29/2024,Rejected,2024-08-30
APP000095,CAND00058,JOB0035,R004,29/06/2024,Offer,
APP000096,CAND00058,JOB0037,R005,2024-05-17,Interview,
APP000097,CAND00059,JOB0015,R003,16/01/2025,Interview,
APP000098,CAND00059,JOB0001,R002,2024-01-26,Interview,
APP000099,CAND00060,JOB0032,R004,10-Jun-2024,Screening,
APP000100,CAND00061,JOB0036,R005,03/01/2025,Screening,
APP000101,CAND00062,JOB0025,R001,28/10/2024,Screening,
APP000102,CAND00062,JOB0040,R005,10-Aug-2024,Hired,31-Aug-2024
APP000103,CAND00062,JOB0012,R004,08/09/2024,Screening,
APP000104,CAND00063,JOB0032,R002,,Interview,
APP000105,CAND00063,JOB0012,R002,04-Sep-2024,Screening,
APP000106,CAND00064,JOB0006,R002,2024-10-16,Applied,
APP000107,CAND00065,JOB0024,R003,2025-01-13,Hired,2025-01-18
APP000108,CAND00065,JOB0018,R004,2025-02-02,Applied,
APP000109,CAND00066,JOB0025,R002,2024-09-11,Screening,
APP000110,CAND00067,JOB0003,R001,22/02/2024,Interview,
APP000111,CAND00068,JOB0025,R002,06/12/2024,Withdrawn,12/29/2024
APP000112,CAND00068,JOB0034,R003,2024-10-13,Screening,
APP000113,CAND00069,JOB0014,R004,2024-09-23,Screening,
APP000114,CAND00069,JOB0018,R002,,Screening,
APP000115,CAND00069,JOB0031,R003,01-Jul-2025,Offer,
APP000116,CAND00070,JOB0006,R001,2024-12-23,Offer,
APP000117,CAND00070,JOB0035,R002,2024-06-20,Screening,
APP000118,CAND00071,JOB0023,R004,2024-08-13,Hired,17-Aug-2024
APP000119,CAND00071,JOB0032,R003,09/07/2024,Interview,
APP000120,CAND00071,JOB0037,R003,15-Apr-2024,Interview,
APP000121,CAND00072,JOB0036,R002,07/12/2024,Applied,
APP000122,CAND00072,JOB0035,R005,2024-07-23,Interview,
APP000123,CAND00073,JOB0040,R003,29-Jun-2024,Rejected,17/07/2024
APP000124,CAND00074,JOB0013,R005,2024-10-11,Hired,02/12/2024
APP000125,CAND00074,JOB0021,R001,,Screening,
APP000126,CAND00075,JOB0003,R002,2024-02-22,Screening,
APP000127,CAND00076,JOB0032,R005,2024-06-16,Offer,
APP000128,CAND00076,JOB0039,R002,28/11/2024,Applied,
APP000129,CAND00077,JOB0030,R005,23-May-2024,Applied,
APP000130,CAND00078,JOB0004,R001,28-Dec-2024,Screening,
APP000131,CAND00079,JOB0014,R002,14/11/2024,Screening,
APP000132,CAND00080,JOB0016,R002,23/08/2024,Offer,
APP000133,CAND00080,JOB0007,R004,16-Jan-2025,Offer,
APP000134,CAND00081,JOB0011,R005,2024-10-26,Offer,
APP000135,CAND00082,JOB0029,R003,11-Feb-2025,Rejected,21/03/2025
APP000136,CAND00082,JOB0021,R005,2025-07-31,Screening,
APP000137,CAND00083,JOB0017,R004,,Withdrawn,2024-11-30
APP000138,CAND00083,JOB0002,R003,,Screening,
APP000139,CAND00083,JOB0014,R003,10/19/2024,Applied,
APP000140,CAND00084,JOB0037,R004,2024-04-11,Screening,
APP000141,CAND00084,JOB0024,R003,28-Jan-2025,Screening,
APP000142,CAND00085,JOB0037,R003,19-Apr-2024,Hired,07-Jun-2024
APP000143,CAND00085,JOB0037,R003,,Offer,
APP000144,CAND00086,JOB0006,R003,04-Oct-2024,Rejected,10/28/2024
APP000145,CAND00086,JOB0008,R005,03/16/2024,Hired,12/05/2024
APP000146,CAND00087,JOB0020,R005,27/09/2024,Applied,
APP000147,CAND00088,JOB0015,R004,01/24/2025,Applied,
APP000148,CAND00088,JOB0037,R004,2024-05-26,Applied,
APP000149,CAND00088,JOB0009,R005,22-May-2025,Applied,
APP000150,CAND00089,JOB0006,R002,17-Nov-2024,Interview,
APP000151,CAND00090,JOB0032,R002,30/05/2024,Offer,
APP000152,CAND00091,JOB0016,R004,2024-07-13,Applied,
APP000153,CAND00091,JOB0006,R004,2024-10-11,Offer,
APP000154,CAND00092,JOB0039,R003,2025-02-10,Applied,
APP000155,CAND00093,JOB0040,R002,2024-06-01,Interview,
APP000156,CAND00093,JOB0006,R005,10/11/2024,Hired,29-Oct-2024
APP000157,CAND00094,JOB0022,R004,17/06/2024,Rejected,09-Jul-2024
APP000158,CAND00095,JOB0014,R003,17/11/2024,Interview,
APP000159,CAND00096,JOB0002,R005,,Offer,
APP000160,CAND00097,JOB0013,R001,02/11/2024,Offer,
APP000161,CAND00098,JOB0025,R003,03-Dec-2024,screening,
APP000162,CAND00099,JOB0025,R001,10/09/2024,Withdrawn,13/11/2024
APP000163,CAND00099,JOB0006,R004,20/10/2024,Screening,
APP000164,CAND00099,JOB0003,R003,28/02/2024,Rejected,
APP000165,CAND00100,JOB0023,R002,08/02/2024,Offer,
APP000166,CAND00100,JOB0018,R004,21-Dec-2024,Offer,
APP000167,CAND00100,JOB0002,R002,2024-06-09,Rejected,2024-06-26
APP000168,CAND00101,JOB0025,R002,15/11/2024,Withdrawn,27/12/2024
APP000169,CAND00101,JOB0020,R005,2024-10-07,Interview,
APP000170,CAND00101,JOB0038,R002,2024-11-17,Hired,02/12/2024
APP000171,CAND00102,JOB0028,R005,05/17/2025,Offer,
APP000172,CAND00103,JOB0035,R002,22-Jun-2024,Screening,
APP000173,CAND00103,JOB0027,R003,2024-10-22,Screening,
APP000174,CAND00104,JOB0012,R005,2024-08-25,Hired,2024-10-06
APP000175,CAND00105,JOB0015,R001,02/04/2025,Applied,
APP000176,CAND00106,JOB0039,R002,18-Jan-2025,Hired,2025-02-13
APP000177,CAND00106,JOB0013,R001,09/02/2024,Applied,
APP000178,CAND00107,JOB0013,R004,31-Aug-2024,Applied,
APP000179,CAND00108,JOB0030,R001,03/04/2024,Interview,
APP000180,CAND00109,JOB0021,R005,04/07/2025,Offer,
APP000181,CAND00109,JOB0003,R004,03-Apr-2024,Screening,
APP000182,CAND00109,JOB0016,R001,17/08/2024,Interview,
APP000183,CAND00110,JOB0004,R004,04-Nov-2024,Screening,
APP000184,CAND00110,JOB0019,R003,25/07/2025,Screening,
APP000185,CAND00110,JOB0034,R004,2024-10-16,Interview,
APP000186,CAND00111,JOB0038,R004,07/12/2024,Offer,
APP000187,CAND00112,JOB0030,R002,17-May-2024,Rejected,2024-07-16
APP000188,CAND00113,JOB0011,R004,18/10/2024,Screening,
APP000189,CAND00113,JOB0025,R002,2024-11-14,Offer,
APP000190,CAND00113,JOB0011,R002,2024-11-14,Offer,
APP000191,CAND00114,JOB0004,R004,2024-12-03,Screening,
APP000192,CAND00114,JOB0009,R003,,Applied,
APP000193,CAND00114,JOB0032,R004,2024-06-18,Rejected,29/07/2024
APP000194,CAND00115,JOB0029,R001,2025-01-07,Offer,
APP000195,CAND00115,JOB0040,R002,,Offer,
APP000196,CAND00116,JOB0023,R001,22/06/2024,Screening,
APP000197,CAND00116,JOB0020,R001,02/09/2024,Rejected,08/09/2024
APP000198,CAND00116,JOB0040,R005,06-Aug-2024,Hired,16/09/2024
APP000199,CAND00117,JOB0024,R003,2024-11-19,Screening,
APP000200,CAND00117,JOB0005,R003,04/12/2024,Rejected,11-Dec-2024
APP000201,CAND00118,JOB0034,R002,19/11/2024,Interview,
APP000202,CAND00119,JOB0034,R005,10/09/2024,Interview,
APP000203,CAND00119,JOB0019,R003,2025-07-20,Offer,
APP000204,CAND00119,JOB0040,R005,28/06/2024,Rejected,09/08/2024
APP000205,CAND00120,JOB0040,R001,2024-06-12,Hired,27-Jun-2024
APP000206,CAND00121,JOB0014,R001,2024-11-26,Withdrawn,25/12/2024
APP000207,CAND00121,JOB0001,R003,2024-04-16,Screening,
APP000208,CAND00121,JOB0020,R001,2024-09-24,Offer,
APP000209,CAND00122,JOB0037,R002,2024-06-09,Withdrawn,08/04/2024
APP000210,CAND00122,JOB0031,R002,03/06/2025,Rejected,17-Jul-2025
APP000211,CAND00123,JOB0022,R001,19-May-2024,Rejected,17-Jun-2024
APP000212,CAND00123,JOB0021,R002,25/07/2025,Interview,
APP000213,CAND00124,JOB0005,R001,2024-10-30,Screening,
APP000214,CAND00125,JOB0011,R002,15/12/2024,Offer,
APP000215,CAND00125,JOB0020,R001,2024-10-20,Rejected,07-Dec-2024
APP000216,CAND00126,JOB0029,R003,2025-02-04,Screening,
APP000217,CAND00127,JOB0013,R001,16-Aug-2024,Interview,
APP000218,CAND00128,JOB0013,R005,2024-09-17,Rejected,05-Nov-2024
APP000219,CAND00129,JOB0034,R001,23/12/2024,Withdrawn,08/01/2025
APP000220,CAND00130,JOB0020,R001,2024-07-27,Hired,2024-09-06
APP000221,CAND00131,JOB0020,R003,24/07/2024,Offer,
APP000222,CAND00131,JOB0013,R005,2024-08-29,Screening,
APP000223,CAND00131,JOB0008,R003,2024-03-21,Screening,
APP000224,CAND00132,JOB0033,R003,25/05/2025,Screening,
APP000225,CAND00132,JOB0019,R001,2025-08-08,Screening,
APP000226,CAND00133,JOB0029,R004,01/03/2025,Screening,
APP000227,CAND00133,JOB0025,R004,2024-09-16,Applied,
APP000228,CAND00134,JOB0029,R003,16-Mar-2025,Interview,
APP000229,CAND00134,JOB0035,R004,17/06/2024,Withdrawn,07-Aug-2024
APP000230,CAND00135,JOB0030,R004,15/03/2024,Interview,
APP000231,CAND00135,JOB0010,R003,2024-05-31,Screening,
APP000232,CAND00135,JOB0022,R001,2024-05-01,Interview,
APP000233,CAND00136,JOB0030,R003,24/03/2024,Screening,
APP000234,CAND00136,JOB0007,R001,2024-12-17,Rejected,08-Feb-2025
APP000235,CAND00137,JOB0030,R002,23/04/2024,Offer,
APP000236,CAND00137,JOB0031,R002,23-May-2025,Applied,
APP000237,CAND00138,JOB0037,R002,2024-05-05,Interview,
APP000238,CAND00138,JOB0037,R005,24/05/2024,Screening,
APP000239,CAND00139,JOB0012,R005,2024-09-30,Withdrawn,07-Oct-2024
APP000240,CAND00139,JOB0025,R001,2024-10-21,Interview,
APP000241,CAND00140,JOB0001,R004,13/02/2024,Offer,
APP000242,CAND00140,JOB0037,R003,2024-05-19,Screening,
APP000243,CAND00141,JOB0020,R001,15/09/2024,Hired,10/10/2024
APP000244,CAND00141,JOB0009,R005,05/16/2025,applied,
APP000245,CAND00141,JOB0036,R003,01-Jan-2025,Screening,
APP000246,CAND00142,JOB0038,R004,29/10/2024,Offer,
APP000247,CAND00142,JOB0014,R002,2024-12-02,Screening,
APP000248,CAND00142,JOB0024,R002,2025-01-07,Screening,
APP000249,CAND00143,JOB0010,R002,2024-05-15,Offer,
APP000250,CAND00144,JOB0030,R004,31/05/2024,Offer,
APP000251,CAND00144,JOB0028,R003,2025-07-08,Rejected,
APP000252,CAND00145,JOB0016,R005,15/08/2024,Screening,
APP000253,CAND00145,JOB0003,R003,2024-04-09,Interview,
APP000254,CAND00146,JOB0006,R003,15/10/2024,Hired,20-Nov-2024
APP000255,CAND00146,JOB0006,R001,28/10/2024,Interview,
APP000256,CAND00146,JOB0038,R003,18/10/2024,offer,
APP000257,CAND00147,JOB0033,R003,11/07/2025,Offer,
APP000258,CAND00147,JOB0019,R005,03-Jul-2025,Screening,
APP000259,CAND00148,JOB0017,R005,2024-09-21,Offer,
APP000260,CAND00148,JOB0019,R004,2025-08-14,Applied,
APP000261,CAND00149,JOB0017,R003,30-Sep-2024,offer,
APP000262,CAND00150,JOB0039,R002,11/12/2024,Rejected,2025-01-30
APP000263,CAND00151,JOB0016,R005,13-Aug-2024,Screening,
APP000264,CAND00151,JOB0006,R002,15-Oct-2024,Offer,
APP000265,CAND00151,JOB0027,R004,19-Oct-2024,Screening,
APP000266,CAND00152,JOB0023,R001,2024-06-24,Offer,
APP000267,CAND00152,JOB0031,R005,2025-05-12,Interview,
APP000268,CAND00153,JOB0031,R004,,Screening,
APP000269,CAND00153,JOB0029,R005,14/02/2025,Offer,
APP000270,CAND00154,JOB0023,R003,2024-08-12,Offer,
APP000271,CAND00154,JOB0007,R004,28/11/2024,Offer,
APP000272,CAND00155,JOB0038,R002,2024-10-03,interview,
APP000273,CAND00156,JOB0005,R005,2024-10-12,Interview,
APP000274,CAND00157,JOB0019,R001,28/06/2025,Screening,
APP000275,CAND00158,JOB0014,R001,2024-11-24,Offer,
APP000276,CAND00158,JOB0025,R005,03-Dec-2024,Hired,2025-01-16
APP000277,CAND00159,JOB0017,R001,21/10/2024,Interview,
APP000278,CAND00160,JOB0028,R003,2025-07-26,Rejected,2025-09-16
APP000279,CAND00161,JOB0025,R001,2024-10-29,Interview,
APP000280,CAND00162,JOB0029,R002,05/01/2025,Interview,
APP000281,CAND00163,JOB0007,R004,2024-11-14,Interview,
APP000282,CAND00163,JOB0029,R001,2025-01-30,Screening,
APP000283,CAND00164,JOB0002,R001,06/01/2024,Screening,
APP000284,CAND00164,JOB0018,R004,02/01/2025,Hired,03/03/2025
APP000285,CAND00165,JOB0031,R001,29/05/2025,interview,
APP000286,CAND00165,JOB0031,R003,2025-04-19,Offer,
APP000287,CAND00166,JOB0006,R003,2024-11-12,Interview,
APP000288,CAND00167,JOB0013,R004,27/08/2024,Offer,
APP000289,CAND00168,JOB0007,R001,15-Jan-2025,Hired,2025-02-18
APP000290,CAND00168,JOB0003,R005,2024-02-21,Applied,
APP000291,CAND00169,JOB0020,R004,09/23/2024,interview,
APP000292,CAND00169,JOB0022,R001,28/03/2024,Interview,
APP000293,CAND00170,JOB0034,R005,2024-11-25,Rejected,01/22/2025
APP000294,CAND00170,JOB0003,R001,15/02/2024,Interview,
APP000295,CAND00170,JOB0003,R001,2024-02-28,Hired,2024-03-10
APP000296,CAND00171,JOB0030,R005,2024-05-20,Screening,
APP000297,CAND00172,JOB0032,R001,25-Jun-2024,Rejected,12-Jul-2024
APP000298,CAND00173,JOB0026,R005,18/02/2024,Screening,
APP000299,CAND00173,JOB0014,R003,2024-09-14,Offer,
APP000300,CAND00173,JOB0027,R002,21/09/2024,Hired,
APP000301,CAND00174,JOB0040,R004,2024-07-01,rejected,07/05/2024
APP000302,CAND00175,JOB0038,R004,15/10/2024,Interview,
APP000303,CAND00175,JOB0018,R002,02/18/2025,Interview,
APP000304,CAND00175,JOB0003,R004,13/04/2024,Screening,
APP000305,CAND00176,JOB0023,R002,2024-08-10,Applied,
APP000306,CAND00177,JOB0040,R005,2024-06-29,Rejected,05/08/2024
APP000307,CAND00178,JOB0004,R002,04/11/2024,Screening,
APP000308,CAND00179,JOB0032,R001,2024-05-02,Screening,
APP000309,CAND00179,JOB0014,R005,03-Nov-2024,Screening,
APP000310,CAND00180,JOB0007,R002,02-Nov-2024,Rejected,2024-11-16
APP000311,CAND00181,JOB0029,R004,2025-03-13,Offer,
APP000312,CAND00182,JOB0015,R001,2025-01-19,Interview,
APP000313,CAND00183,JOB0025,R005,08/10/2024,Applied,
APP000314,CAND00184,JOB0014,R004,2024-11-26,Interview,
APP000315,CAND00185,JOB0023,R002,,Screening,
APP000316,CAND00186,JOB0009,R004,2025-04-23,Rejected,25-May-2025
APP000317,CAND00187,JOB0011,R002,23/12/2024,Rejected,2025-02-21
APP000318,CAND00187,JOB0027,R002,05/11/2024,Interview,
APP000319,CAND00188,JOB0001,R002,2024-03-20,Hired,07-Apr-2024
APP000320,CAND00189,JOB0010,R001,,Rejected,24-Jun-2024
APP000321,CAND00189,JOB0003,R004,22-Mar-2024,Interview,
APP000322,CAND00190,JOB0029,R005,01-Mar-2025,Screening,
APP000323,CAND00191,JOB0014,R002,25/09/2024,Interview,
APP000324,CAND00191,JOB0031,R004,28-Jun-2025,Screening,
APP000325,CAND00192,JOB0030,R004,2024-05-01,Hired,28/06/2024
APP000326,CAND00193,JOB0001,R003,15/04/2024,Applied,
APP000327,CAND00193,JOB0018,R005,13-Mar-2025,Rejected,2025-04-19
APP000328,CAND00193,JOB0022,R003,28-Mar-2024,Interview,
APP000329,CAND00194,JOB0030,R003,2024-05-21,Applied,
APP000330,CAND00195,JOB0036,R003,2025-02-15,Rejected,26/02/2025
APP000331,CAND00196,JOB0014,R003,07/10/2024,Interview,
APP000332,CAND00196,JOB0004,R004,19/10/2024,Interview,
APP000333,CAND00197,JOB0031,R005,03-Jul-2025,Interview,
APP000334,CAND00198,JOB0005,R001,2024-11-04,Rejected,2024-12-06
APP000335,CAND00199,JOB0007,R002,17/11/2024,Screening,
APP000336,CAND00200,JOB0002,R005,05/06/2024,Interview,
APP000337,CAND00200,JOB0027,R003,2024-10-26,Hired,30-Oct-2024
APP000338,CAND00201,JOB0022,R003,12/05/2024,Offer,
APP000339,CAND00201,JOB0034,R003,07/12/2024,Interview,
APP000340,CAND00202,JOB0011,R003,11/05/2024,Screening,
APP000341,CAND00203,JOB0010,R002,28/04/2024,Screening,
APP000342,CAND00204,JOB0019,R002,2025-06-19,Withdrawn,08/14/2025
APP000343,CAND00204,JOB0037,R003,2024-04-08,Interview,
APP000344,CAND00205,JOB0021,R004,28/06/2025,Screening,
APP000345,CAND00206,JOB0008,R004,19-Feb-2024,Interview,
APP000346,CAND00207,JOB0010,R005,2024-03-14,Withdrawn,20/04/2024
APP000347,CAND00208,JOB0037,R005,16-Jun-2024,Screening,
APP000348,CAND00209,JOB0008,R005,2024-04-17,Rejected,28/04/2024
APP000349,CAND00210,JOB0029,R001,11/02/2025,Screening,
APP000350,CAND00211,JOB0015,R001,09/02/2025,Screening,
APP000351,CAND00211,JOB0006,R004,2024-12-01,Interview,
APP000352,CAND00212,JOB0024,R004,2025-01-04,Screening,
APP000353,CAND00213,JOB0023,R004,01-Aug-2024,Screening,
APP000354,CAND00214,JOB0029,R002,19-Feb-2025,Rejected,12/03/2025
APP000355,CAND00214,JOB0027,R001,2024-09-17,Rejected,10/28/2024
APP000356,CAND00214,JOB0034,R005,09-Nov-2024,Applied,
APP000357,CAND00215,JOB0018,R004,05-Feb-2025,Screening,
APP000358,CAND00215,JOB0009,R004,2025-05-04,Screening,
APP000359,CAND00216,JOB0038,R004,2024-10-17,Interview,
APP000360,CAND00217,JOB0017,R004,2024-10-22,Withdrawn,2024-12-17
APP000361,CAND00218,JOB0032,R001,2024-07-07,Offer,
APP000362,CAND00219,JOB0039,R005,04/01/2025,Offer,
APP000363,CAND00220,JOB0031,R005,01-Jul-2025,rejected,2025-07-27
APP000364,CAND00220,JOB0038,R004,16-Sep-2024,Screening,
APP000365,CAND00220,JOB0011,R004,09/10/2024,Screening,
APP000366,CAND00221,JOB0019,R001,03/07/2025,Interview,
APP000367,CAND00222,JOB0007,R003,11-Jan-2025,Hired,17/02/2025
APP000368,CAND00223,JOB0018,R001,11/03/2025,Hired,2025-04-06
APP000369,CAND00224,JOB0034,R004,03/11/2024,Interview,
APP000370,CAND00225,JOB0007,R002,23-Nov-2024,Screening,
APP000371,CAND00226,JOB0040,R005,10-Aug-2024,Rejected,15-Sep-2024
APP000372,CAND00226,JOB0027,R002,10/28/2024,Rejected,2024-11-07
APP000373,CAND00227,JOB0009,R005,04-Jun-2025,Rejected,15-Jul-2025
APP000374,CAND00228,JOB0008,R002,15/03/2024,Screening,
APP000375,CAND00229,JOB0009,R001,2025-04-19,Interview,
APP000376,CAND00230,JOB0003,R005,22/02/2024,Screening,
APP000377,CAND00230,JOB0017,R001,19-Sep-2024,Applied,
APP000378,CAND00231,JOB0014,R003,,Rejected,07-Dec-2024
APP000379,CAND00231,JOB0018,R002,26-Feb-2025,Interview,
APP000380,CAND00232,JOB0016,R001,15-Aug-2024,Offer,
APP000381,CAND00232,JOB0034,R002,10/25/2024,Hired,11/15/2024
APP000382,CAND00233,JOB0014,R003,12/11/2024,Rejected,15/12/2024
APP000383,CAND00234,JOB0012,R002,06/10/2024,Withdrawn,05-Nov-2024
APP000384,CAND00235,JOB0008,R002,15/04/2024,Screening,
APP000385,CAND00236,JOB0036,R004,2024-11-22,Applied,
APP000386,CAND00237,JOB0020,R002,17/10/2024,Withdrawn,17-Nov-2024
APP000387,CAND00237,JOB0013,R004,08/13/2024,Rejected,
APP000388,CAND00238,JOB0032,R004,05/07/2024,Screening,
APP000389,CAND00238,JOB0008,R005,03/05/2024,Interview,
APP000390,CAND00238,JOB0011,R002,2024-10-11,Interview,
APP000391,CAND00239,JOB0008,R004,2024-03-16,Rejected,04/05/2024
APP000392,CAND00239,JOB0018,R004,06/03/2025,Rejected,03/31/2025
APP000393,CAND00240,JOB0018,R001,2025-01-01,Hired,10/01/2025
APP000394,CAND00240,JOB0009,R001,12-Apr-2025,Screening,
APP000395,CAND00241,JOB0012,R003,2024-10-09,Offer,
APP000396,CAND00242,JOB0005,R004,03-Jan-2025,Hired,24/02/2025
APP000397,CAND00243,JOB0033,R005,14/06/2025,Interview,
APP000398,CAND00243,JOB0003,R004,23/03/2024,Rejected,02/04/2024
APP000399,CAND00244,JOB0003,R003,19-Feb-2024,Offer,
APP000400,CAND00245,JOB0009,R001,18/05/2025,Hired,21/06/2025
APP000401,CAND00245,JOB0035,R005,19-Aug-2024,Interview,
APP000402,CAND00246,JOB0017,R004,16/11/2024,Offer,
APP000403,CAND00246,JOB0019,R005,,Applied,
APP000404,CAND00247,JOB0038,R003,2024-09-12,Hired,10/25/2024
APP000405,CAND00248,JOB0023,R002,2024-06-25,Offer,
APP000406,CAND00248,JOB0006,R003,2024-12-24,Applied,
APP000407,CAND00249,JOB0021,R004,19/05/2025,Interview,
APP000408,CAND00249,JOB0018,R001,12/16/2024,Hired,2025-01-25
APP000409,CAND00250,JOB0007,R002,2024-12-28,Screening,
APP000410,CAND00250,JOB0022,R003,04/11/2024,Offer,
APP000411,CAND00251,JOB0005,R003,,Screening,
APP000412,CAND00251,JOB0026,R001,05-Feb-2024,Offer,
APP000413,CAND00251,JOB0038,R005,22-Oct-2024,Screening,
APP000414,CAND00252,JOB0023,R003,27/06/2024,Offer,
APP000415,CAND00253,JOB0035,R004,2024-07-17,Screening,
APP000416,CAND00253,JOB0036,R005,10-Dec-2024,Rejected,2025-01-22
APP000417,CAND00253,JOB0030,R005,06-Apr-2024,Rejected,05/13/2024
APP000418,CAND00254,JOB0004,R004,2024-12-16,Screening,
APP000419,CAND00254,JOB0020,R001,15/09/2024,Interview,
APP000420,CAND00254,JOB0018,R003,19/01/2025,Offer,
APP000421,CAND00255,JOB0008,R002,06-Mar-2024,Screening,
APP000422,CAND00256,JOB0036,R001,2025-01-11,Interview,
APP000423,CAND00256,JOB0002,R005,2024-05-02,Rejected,05/22/2024
APP000424,CAND00257,JOB0002,R003,06/04/2024,Rejected,04/14/2024
APP000425,CAND00257,JOB0027,R001,2024-10-16,Offer,
APP000426,CAND00258,JOB0016,R005,06/26/2024,Offer,
APP000427,CAND00259,JOB0034,R001,2024-10-30,Interview,
APP000428,CAND00259,JOB0021,R004,26-Jun-2025,Rejected,08/15/2025
APP000429,CAND00260,JOB0010,R003,27/03/2024,Screening,
APP000430,CAND00261,JOB0004,R001,2024-12-12,Interview,
APP000431,CAND00261,JOB0016,R003,17/07/2024,Rejected,2024-07-29
APP000432,CAND00262,JOB0039,R001,23/11/2024,Rejected,2025-01-07
APP000433,CAND00262,JOB0036,R003,01/05/2025,Screening,
APP000434,CAND00262,JOB0035,R001,07/07/2024,Rejected,08/03/2024
APP000435,CAND00263,JOB0020,R002,2024-08-02,Rejected,2024-09-22
APP000436,CAND00264,JOB0021,R001,2025-08-05,Interview,
APP000437,CAND00264,JOB0032,R003,09-Jun-2024,Hired,04-Aug-2024
APP000438,CAND00265,JOB0017,R004,17/11/2024,Applied,
APP000439,CAND00266,JOB0021,R001,12/07/2025,Hired,01/09/2025
APP000440,CAND00266,JOB0009,R003,2025-04-09,Interview,
APP000441,CAND00266,JOB0011,R002,03-Nov-2024,Interview,
APP000442,CAND00267,JOB0029,R003,2025-02-27,Rejected,2025-03-10
APP000443,CAND00268,JOB0013,R002,2024-08-15,Interview,
APP000444,CAND00269,JOB0015,R005,07/01/2025,Rejected,02/14/2025
APP000445,CAND00269,JOB0013,R001,07/09/2024,Hired,2024-09-20
APP000446,CAND00270,JOB0024,R001,06-Dec-2024,Rejected,12/16/2024
APP000447,CAND00271,JOB0032,R002,2024-04-25,Screening,
APP000448,CAND00271,JOB0018,R002,19/01/2025,Hired,2025-02-15
APP000449,CAND00272,JOB0013,R002,,Screening,
APP000450,CAND00273,JOB0040,R005,10/07/2024,Rejected,
APP000451,CAND00274,JOB0021,R002,11-Aug-2025,Interview,
APP000452,CAND00275,JOB0039,R005,2024-12-21,Applied,
APP000453,CAND00275,JOB0016,R005,11-Aug-2024,Rejected,
APP000454,CAND00275,JOB0033,R004,30/07/2025,Interview,
APP000455,CAND00276,JOB0003,R002,11/04/2024,Screening,
APP000456,CAND00276,JOB0030,R005,19/03/2024,Applied,
APP000457,CAND00277,JOB0003,R003,13-Feb-2024,Interview,
APP000458,CAND00278,JOB0017,R005,2024-12-01,Rejected,2024-12-20
APP000459,CAND00279,JOB0010,R004,2024-05-24,Rejected,2024-07-08
APP000460,CAND00279,JOB0003,R004,28/03/2024,Screening,
APP000461,CAND00280,JOB0003,R005,24/03/2024,Interview,
APP000462,CAND00280,JOB0010,R002,29-Mar-2024,Interview,
APP000463,CAND00281,JOB0033,R005,2025-06-15,Offer,
APP000464,CAND00282,JOB0034,R001,2024-12-10,Screening,
APP000465,CAND00283,JOB0022,R001,2024-03-24,Screening,
APP000466,CAND00284,JOB0021,R004,03-Jun-2025,Applied,
APP000467,CAND00285,JOB0018,R003,02/28/2025,Offer,
APP000468,CAND00285,JOB0029,R005,2025-02-07,Rejected,28-Mar-2025
APP000469,CAND00286,JOB0021,R005,2025-05-22,Hired,2025-06-29
APP000470,CAND00287,JOB0006,R004,29-Sep-2024,Rejected,12-Oct-2024
APP000471,CAND00287,JOB0010,R004,29-Mar-2024,Screening,
APP000472,CAND00288,JOB0039,R001,05-Dec-2024,Interview,
APP000473,CAND00288,JOB0032,R003,06/06/2024,Rejected,09-Jul-2024
APP000474,CAND00288,JOB0024,R004,2025-02-01,Screening,
APP000475,CAND00289,JOB0015,R004,28/03/2025,Hired,2025-04-09
APP000476,CAND00289,JOB0030,R004,2024-04-27,Applied,
APP000477,CAND00290,JOB0020,R003,22/08/2024,Interview,
APP000478,CAND00290,JOB0003,R004,02/04/2024,Screening,
APP000479,CAND00290,JOB0037,R005,2024-04-24,Interview,
APP000480,CAND00291,JOB0030,R004,,Rejected,20-May-2024
APP000481,CAND00292,JOB0038,R005,06-Nov-2024,Hired,12/07/2024
APP000482,CAND00293,JOB0014,R005,2024-10-02,Applied,
APP000483,CAND00294,JOB0035,R001,,Applied,
APP000484,CAND00294,JOB0030,R005,30-May-2024,Interview,
APP000485,CAND00295,JOB0024,R004,11-Feb-2025,Offer,
APP000486,CAND00295,JOB0009,R001,10/04/2025,Screening,
APP000487,CAND00296,JOB0014,R002,09/11/2024,Offer,
APP000488,CAND00297,JOB0013,R004,2024-08-16,Screening,
APP000489,CAND00297,JOB0008,R004,03/08/2024,Rejected,27-Apr-2024
APP000490,CAND00298,JOB0016,R004,2024-07-07,screening,
APP000491,CAND00298,JOB0028,R005,21/06/2025,Rejected,2025-08-10
APP000492,CAND00299,JOB0026,R005,03/10/2024,Interview,
APP000493,CAND00299,JOB0032,R001,09/05/2024,Hired,2024-06-14
APP000494,CAND00300,JOB0027,R005,10/30/2024,Screening,
APP000495,CAND00300,JOB0028,R002,01/05/2025,Screening,
APP000496,CAND00300,JOB0033,R003,06/09/2025,Offer,
APP000497,CAND00301,JOB0030,R004,03/19/2024,Rejected,07/05/2024
APP000498,CAND00301,JOB0024,R002,14/01/2025,Rejected,12-Mar-2025
APP000499,CAND00301,JOB0031,R002,20/04/2025,Screening,
APP000500,CAND00302,JOB0032,R005,,screening,
APP000501,CAND00302,JOB0017,R002,29-Oct-2024,Offer,
APP000502,CAND00303,JOB0005,R005,2024-11-23,Interview,
APP000503,CAND00304,JOB0017,R001,27-Oct-2024,Rejected,18-Dec-2024
APP000504,CAND00304,JOB0033,R001,07/28/2025,Offer,
APP000505,CAND00305,JOB0008,R001,29-Feb-2024,Rejected,2024-04-11
APP000506,CAND00305,JOB0008,R003,13-Mar-2024,Rejected,26/03/2024
APP000507,CAND00306,JOB0010,R002,2024-06-04,Interview,
APP000508,CAND00307,JOB0001,R003,2024-02-26,Rejected,2024-03-30
APP000509,CAND00307,JOB0027,R002,2024-10-16,Offer,
APP000510,CAND00308,JOB0015,R004,22-Jan-2025,Rejected,20/02/2025
APP000511,CAND00308,JOB0024,R001,18-Nov-2024,Interview,
APP000512,CAND00309,JOB0006,R002,09/11/2024,Screening,
APP000513,CAND00310,JOB0010,R005,05/26/2024,Applied,
APP000514,CAND00311,JOB0036,R003,,Hired,17/01/2025
APP000515,CAND00311,JOB0010,R002,11-Jun-2024,Interview,
APP000516,CAND00311,JOB0040,R003,05-Aug-2024,Interview,
APP000517,CAND00312,JOB0013,R005,2024-09-12,Applied,
APP000518,CAND00312,JOB0009,R002,2025-06-14,Withdrawn,05/07/2025
APP000519,CAND00313,JOB0011,R005,05/10/2024,Applied,
APP000520,CAND00313,JOB0020,R001,14-Sep-2024,Withdrawn,24/09/2024
APP000521,CAND00313,JOB0008,R004,2024-02-22,Hired,03/03/2024
APP000522,CAND00314,JOB0038,R005,20-Nov-2024,Hired,2025-01-02
APP000523,CAND00315,JOB0037,R004,17/06/2024,Screening,
APP000524,CAND00315,JOB0021,R003,20/07/2025,Offer,
APP000525,CAND00315,JOB0028,R001,20/06/2025,Applied,
APP000526,CAND00316,JOB0029,R005,06/01/2025,Interview,
APP000527,CAND00317,JOB0017,R004,11/27/2024,Interview,
APP000528,CAND00317,JOB0032,R005,2024-06-02,Rejected,2024-06-14
APP000529,CAND00318,JOB0033,R002,18/07/2025,Screening,
APP000530,CAND00318,JOB0011,R001,13/12/2024,Interview,
APP000531,CAND00318,JOB0008,R001,03/04/2024,Offer,
APP000532,CAND00319,JOB0024,R001,23-Dec-2024,Screening,
APP000533,CAND00320,JOB0027,R003,2024-09-06,Rejected,28/09/2024
APP000534,CAND00320,JOB0008,R001,26/04/2024,Interview,
APP000535,CAND00321,JOB0029,R005,2025-02-09,Rejected,14/03/2025
APP000536,CAND00321,JOB0029,R003,2025-03-23,Interview,
APP000537,CAND00322,JOB0027,R004,2024-10-19,Screening,
APP000538,CAND00322,JOB0029,R002,01-Feb-2025,Offer,
APP000539,CAND00323,JOB0020,R005,2024-10-01,Offer,
APP000540,CAND00323,JOB0035,R005,2024-08-19,Hired,27-Sep-2024
APP000541,CAND00323,JOB0008,R001,2024-05-10,Rejected,24-May-2024
APP000542,CAND00324,JOB0029,R003,07/01/2025,Rejected,17-Feb-2025
APP000543,CAND00324,JOB0002,R004,,Interview,
APP000544,CAND00325,JOB0017,R001,25/09/2024,Screening,
APP000545,CAND00325,JOB0012,R003,09/23/2024,Hired,2024-10-05
APP000546,CAND00326,JOB0012,R004,2024-08-25,Hired,16-Sep-2024
APP000547,CAND00327,JOB0025,R002,25-Sep-2024,Applied,
APP000548,CAND00328,JOB0033,R001,2025-07-15,Interview,
APP000549,CAND00328,JOB0036,R001,08/01/2025,Applied,
APP000550,CAND00329,JOB0018,R001,2025-02-22,Withdrawn,09-Apr-2025
APP000551,CAND00330,JOB0037,R005,2024-05-14,Interview,
APP000552,CAND00331,JOB0035,R004,06/28/2024,Rejected,
APP000553,CAND00332,JOB0040,R002,,Offer,
APP000554,CAND00332,JOB0031,R004,05/08/2025,Offer,
APP000555,CAND00333,JOB0038,R002,13-Nov-2024,Screening,
APP000556,CAND00334,JOB0006,R002,16-Nov-2024,Hired,11-Jan-2025
APP000557,CAND00335,JOB0040,R003,17/07/2024,Withdrawn,09-Aug-2024
APP000558,CAND00336,JOB0016,R002,04/09/2024,Withdrawn,
APP000559,CAND00337,JOB0009,R004,,rejected,2025-08-10
APP000560,CAND00337,JOB0036,R004,14/02/2025,Hired,06/04/2025
APP000561,CAND00337,JOB0005,R004,18/12/2024,Applied,
APP000562,CAND00338,JOB0039,R001,2025-01-03,Interview,
APP000563,CAND00338,JOB0013,R001,30-Sep-2024,Applied,
APP000564,CAND00339,JOB0023,R005,12/07/2024,Applied,
APP000565,CAND00339,JOB0015,R001,2025-02-03,Withdrawn,01-Mar-2025
APP000566,CAND00339,JOB0014,R004,2024-09-09,Screening,
APP000567,CAND00340,JOB0032,R005,01/05/2024,Offer,
APP000568,CAND00340,JOB0012,R001,2024-08-30,Offer,
APP000569,CAND00341,JOB0034,R001,11/02/2024,Screening,
APP000570,CAND00342,JOB0040,R004,,Offer,
APP000571,CAND00342,JOB0004,R004,2024-11-21,Interview,
APP000572,CAND00343,JOB0032,R001,26-May-2024,Interview,
APP000573,CAND00343,JOB0018,R003,,Interview,
APP000574,CAND00344,JOB0037,R004,03/26/2024,Withdrawn,2024-04-12
APP000575,CAND00345,JOB0020,R001,,Offer,
APP000576,CAND00346,JOB0038,R003,2024-11-28,Rejected,01/23/2025
APP000577,CAND00347,JOB0022,R005,26/05/2024,Rejected,02/06/2024
APP000578,CAND00348,JOB0008,R004,2024-02-26,Withdrawn,2024-03-02
APP000579,CAND00348,JOB0009,R001,2025-04-16,Rejected,2025-05-17
APP000580,CAND00349,JOB0004,R004,21/12/2024,Applied,
APP000581,CAND00349,JOB0027,R005,,Rejected,21-Nov-2024
APP000582,CAND00349,JOB0040,R001,01/08/2024,Screening,
APP000583,CAND00350,JOB0007,R001,09/11/2024,Applied,
APP000584,CAND00351,JOB0009,R003,29/06/2025,Interview,
APP000585,CAND00351,JOB0029,R001,2025-01-20,Screening,
APP000586,CAND00352,JOB0033,R005,03-Aug-2025,Hired,2025-08-25
APP000587,CAND00352,JOB0020,R003,10/07/2024,Interview,
APP000588,CAND00353,JOB0010,R005,21-Mar-2024,Screening,
APP000589,CAND00353,JOB0013,R002,30-Aug-2024,Offer,
APP000590,CAND00353,JOB0031,R005,01/07/2025,Hired,02/08/2025
APP000591,CAND00354,JOB0040,R002,2024-06-21,Interview,
APP000592,CAND00355,JOB0032,R002,08/05/2024,Rejected,2024-06-20
APP000593,CAND00356,JOB0022,R002,08-May-2024,screening,
APP000594,CAND00356,JOB0001,R005,2024-02-04,Interview,
APP000595,CAND00357,JOB0038,R001,2024-10-25,Applied,
APP000596,CAND00358,JOB0017,R005,2024-10-06,Interview,
APP000597,CAND00359,JOB0017,R002,2024-09-26,Applied,
APP000598,CAND00360,JOB0022,R002,2024-04-16,Screening,
APP000599,CAND00361,JOB0034,R001,2024-12-16,Rejected,2025-02-13
APP000600,CAND00362,JOB0013,R003,2024-10-12,Interview,
APP000601,CAND00363,JOB0016,R002,17-Jun-2024,Hired,2024-07-27
APP000602,CAND00363,JOB0016,R003,18-Jun-2024,Offer,
APP000603,CAND00363,JOB0038,R001,10-Nov-2024,Screening,
APP000604,CAND00364,JOB0005,R005,2024-11-01,Interview,
APP000605,CAND00364,JOB0012,R004,02-Oct-2024,Hired,2024-11-07
APP000606,CAND00365,JOB0038,R002,01-Dec-2024,Applied,
APP000607,CAND00365,JOB0016,R004,01-Aug-2024,Screening,
APP000608,CAND00366,JOB0017,R001,2024-11-23,Applied,
APP000609,CAND00367,JOB0038,R005,2024-09-14,Interview,
APP000610,CAND00368,JOB0027,R003,2024-10-17,Rejected,2024-11-09
APP000611,CAND00368,JOB0005,R005,25/11/2024,Rejected,16-Dec-2024
APP000612,CAND00369,JOB0007,R001,11/11/2024,Applied,
APP000613,CAND00370,JOB0022,R003,2024-04-22,Screening,
APP000614,CAND00370,JOB0009,R003,2025-06-17,Rejected,06/20/2025
APP000615,CAND00370,JOB0026,R004,22/03/2024,Hired,03/25/2024
APP000616,CAND00371,JOB0015,R004,2025-02-03,Hired,19/02/2025
APP000617,CAND00371,JOB0030,R001,2024-05-01,Interview,
APP000618,CAND00372,JOB0027,R005,,Interview,
APP000619,CAND00372,JOB0009,R004,18-May-2025,Rejected,2025-05-21
APP000620,CAND00372,JOB0027,R005,2024-10-24,Hired,21/11/2024
APP000621,CAND00373,JOB0009,R005,28/04/2025,Withdrawn,22/05/2025
APP000622,CAND00374,JOB0025,R005,2024-10-06,Rejected,2024-10-13
APP000623,CAND00374,JOB0029,R002,2025-03-19,Rejected,
APP000624,CAND00375,JOB0039,R002,2025-01-20,Applied,
APP000625,CAND00375,JOB0019,R005,2025-06-22,Screening,
APP000626,CAND00375,JOB0034,R004,2024-09-29,Screening,
APP000627,CAND00376,JOB0035,R001,2024-07-30,Interview,
APP000628,CAND00377,JOB0009,R004,2025-05-05,Screening,
APP000629,CAND00378,JOB0038,R004,2024-10-04,interview,
APP000630,CAND00379,JOB0029,R002,05/01/2025,Rejected,15-Feb-2025
APP000631,CAND00380,JOB0030,R001,2024-05-15,Applied,
APP000632,CAND00380,JOB0030,R003,2024-04-16,Hired,03-Jun-2024
APP000633,CAND00381,JOB0016,R004,04/07/2024,Rejected,2024-08-22
APP000634,CAND00381,JOB0037,R001,2024-04-04,Interview,
APP000635,CAND00382,JOB0035,R001,14/07/2024,Offer,
APP000636,CAND00383,JOB0032,R001,06/01/2024,Withdrawn,2024-07-09
APP000637,CAND00384,JOB0027,R002,27/10/2024,Screening,
APP000638,CAND00385,JOB0030,R004,20-Apr-2024,Interview,
APP000639,CAND00386,JOB0017,R003,28/09/2024,Hired,09/10/2024
APP000640,CAND00387,JOB0036,R004,2025-02-09,Screening,
APP000641,CAND00388,JOB0011,R002,2024-10-05,Offer,
APP000642,CAND00389,JOB0011,R001,12/10/2024,Offer,
APP000643,CAND00389,JOB0023,R001,10-Jul-2024,Screening,
APP000644,CAND00390,JOB0004,R001,2024-12-31,Rejected,2025-02-13
APP000645,CAND00390,JOB0001,R002,02/01/2024,Hired,2024-03-24
APP000646,CAND00391,JOB0002,R001,2024-05-22,Applied,
APP000647,CAND00392,JOB0005,R002,08-Nov-2024,Withdrawn,17/11/2024
APP000648,CAND00392,JOB0021,R002,25/06/2025,Offer,
APP000649,CAND00392,JOB0026,R002,2024-03-02,Screening,
APP000650,CAND00393,JOB0026,R004,2024-03-31,Screening,
APP000651,CAND00394,JOB0018,R001,2025-03-07,Offer,
APP000652,CAND00394,JOB0020,R001,06-Oct-2024,Interview,
APP000653,CAND00394,JOB0037,R001,13/04/2024,Screening,
APP000654,CAND00395,JOB0025,R002,2024-12-05,Rejected,26-Jan-2025
APP000655,CAND00395,JOB0021,R003,,Interview,
APP000656,CAND00395,JOB0029,R002,14/02/2025,Interview,
APP000657,CAND00396,JOB0015,R001,2025-01-07,Offer,
APP000658,CAND00397,JOB0040,R003,24/05/2024,Applied,
APP000659,CAND00398,JOB0014,R005,11/30/2024,Applied,
APP000660,CAND00398,JOB0022,R001,07/04/2024,Screening,
APP000661,CAND00399,JOB0019,R003,2025-05-30,Screening,
APP000662,CAND00399,JOB0004,R002,04/01/2025,Withdrawn,2025-02-27
APP000663,CAND00399,JOB0029,R004,2025-03-18,Applied,
APP000664,CAND00400,JOB0010,R002,09/04/2024,Screening,
APP000665,CAND00400,JOB0014,R004,09-Oct-2024,Interview,
APP000666,CAND00400,JOB0013,R005,2024-09-05,Interview,
APP000667,CAND00401,JOB0013,R001,09/08/2024,Rejected,2024-10-11
APP000668,CAND00401,JOB0031,R005,30-May-2025,Interview,
APP000669,CAND00402,JOB0002,R001,17-May-2024,Interview,
APP000670,CAND00402,JOB0039,R002,2025-01-26,Screening,
APP000671,CAND00403,JOB0019,R004,2025-07-14,Offer,
APP000672,CAND00403,JOB0031,R002,,Screening,
APP000673,CAND00404,JOB0024,R004,01/16/2025,Interview,
APP000674,CAND00404,JOB0024,R005,2025-01-03,Interview,
APP000675,CAND00404,JOB0008,R002,05-Apr-2024,Rejected,18-Apr-2024
APP000676,CAND00405,JOB0023,R003,22/08/2024,Hired,10/04/2024
APP000677,CAND00405,JOB0016,R003,13/07/2024,Interview,
APP000678,CAND00405,JOB0010,R002,2024-04-16,Offer,
APP000679,CAND00406,JOB0011,R001,04/10/2024,Screening,
APP000680,CAND00406,JOB0026,R001,07/04/2024,Offer,
APP000681,CAND00406,JOB0028,R003,20/05/2025,Rejected,08-Jun-2025
APP000682,CAND00407,JOB0020,R001,2024-09-12,Hired,31-Oct-2024
APP000683,CAND00407,JOB0010,R004,17/04/2024,hired,2024-06-06
APP000684,CAND00408,JOB0001,R004,07/02/2024,Applied,
APP000685,CAND00408,JOB0028,R002,20-May-2025,Screening,
APP000686,CAND00409,JOB0033,R002,2025-05-26,Interview,
APP000687,CAND00410,JOB0013,R004,07/09/2024,Withdrawn,2024-11-04
APP000688,CAND00411,JOB0011,R004,2024-10-13,Screening,
APP000689,CAND00411,JOB0002,R004,12/06/2024,Screening,
APP000690,CAND00411,JOB0004,R005,14-Nov-2024,Hired,2024-11-17
APP000691,CAND00412,JOB0025,R003,11/26/2024,Interview,
APP000692,CAND00413,JOB0039,R003,01/12/2025,Interview,
APP000693,CAND00414,JOB0026,R003,25-Feb-2024,Offer,
APP000694,CAND00415,JOB0030,R002,,Interview,
APP000695,CAND00416,JOB0018,R003,13/03/2025,Hired,31-Mar-2025
APP000696,CAND00416,JOB0033,R001,07/03/2025,Offer,
APP000697,CAND00417,JOB0002,R001,06/19/2024,Interview,
APP000698,CAND00418,JOB0029,R004,26-Jan-2025,Offer,
APP000699,CAND00418,JOB0023,R001,11-Aug-2024,Rejected,2024-09-13
APP000700,CAND00418,JOB0010,R005,,Rejected,2024-07-11
APP000701,CAND00419,JOB0036,R004,01/15/2025,Screening,
APP000702,CAND00419,JOB0035,R002,07-Jul-2024,Screening,
APP000703,CAND00419,JOB0006,R001,2024-10-10,Interview,
APP000704,CAND00420,JOB0018,R004,01/11/2025,Hired,25/02/2025
APP000705,CAND00420,JOB0035,R003,27-Aug-2024,Hired,04-Sep-2024
APP000706,CAND00421,JOB0005,R004,01/01/2025,Interview,
APP000707,CAND00421,JOB0028,R001,2025-05-28,Screening,
APP000708,CAND00422,JOB0038,R005,2024-10-03,Hired,10/13/2024
APP000709,CAND00423,JOB0001,R005,2024-03-05,Applied,
APP000710,CAND00423,JOB0028,R002,08/06/2025,Hired,2025-08-01
APP000711,CAND00424,JOB0001,R002,03-Apr-2024,Rejected,2024-04-26
APP000712,CAND00424,JOB0030,R002,21-Mar-2024,Offer,
APP000713,CAND00425,JOB0003,R005,04/13/2024,Interview,
APP000714,CAND00425,JOB0037,R002,23/05/2024,Offer,
APP000715,CAND00425,JOB0025,R002,17-Sep-2024,Withdrawn,11-Oct-2024
APP000716,CAND00426,JOB0004,R004,2024-11-02,Rejected,12/21/2024
APP000717,CAND00427,JOB0002,R004,08/06/2024,Interview,
APP000718,CAND00428,JOB0026,R003,2024-01-17,Interview,
APP000719,CAND00428,JOB0036,R003,06-Jan-2025,Screening,
APP000720,CAND00429,JOB0020,R005,2024-09-18,Offer,
APP000721,CAND00430,JOB0010,R002,09-Apr-2024,screening,
APP000722,CAND00431,JOB0037,R002,2024-04-05,Offer,
APP000723,CAND00431,JOB0011,R004,2024-10-10,Screening,
APP000724,CAND00431,JOB0033,R004,08/03/2025,Interview,
APP000725,CAND00432,JOB0016,R004,16/06/2024,Screening,
APP000726,CAND00432,JOB0012,R001,13-Nov-2024,Hired,04/01/2025
APP000727,CAND00433,JOB0029,R001,2025-02-13,Applied,
APP000728,CAND00434,JOB0033,R005,06/09/2025,Applied,
APP000729,CAND00434,JOB0007,R004,01/10/2025,Screening,
APP000730,CAND00434,JOB0020,R003,2024-10-03,Screening,
APP000731,CAND00435,JOB0012,R004,12/10/2024,Rejected,16-Oct-2024
APP000732,CAND00435,JOB0032,R005,18/04/2024,Interview,
APP000733,CAND00436,JOB0008,R001,2024-03-13,Withdrawn,2024-05-12
APP000734,CAND00436,JOB0036,R001,2025-01-13,Rejected,2025-01-23
APP000735,CAND00436,JOB0036,R001,12/19/2024,Rejected,2024-12-24
APP000736,CAND00437,JOB0011,R001,2024-11-26,Withdrawn,01/10/2025
APP000737,CAND00437,JOB0019,R002,19/08/2025,Interview,
APP000738,CAND00438,JOB0023,R002,03/09/2024,Interview,
APP000739,CAND00438,JOB0003,R002,2024-02-27,Applied,
APP000740,CAND00439,JOB0039,R003,2025-01-28,Screening,
APP000741,CAND00440,JOB0005,R004,20/12/2024,Screening,
APP000742,CAND00440,JOB0030,R004,03/13/2024,Rejected,2024-04-28
APP000743,CAND00441,JOB0018,R003,05/03/2025,Hired,20/03/2025
APP000744,CAND00441,JOB0011,R004,2024-11-25,Rejected,2024-12-18
APP000745,CAND00441,JOB0018,R005,29/12/2024,Interview,
APP000746,CAND00442,JOB0024,R002,2024-12-27,Rejected,01/08/2025
APP000747,CAND00443,JOB0025,R002,23/09/2024,Rejected,03/10/2024
APP000748,CAND00444,JOB0007,R005,02-Jan-2025,Interview,
APP000749,CAND00444,JOB0039,R003,12/01/2024,Rejected,2024-12-14
APP000750,CAND00445,JOB0035,R004,16/08/2024,Offer,
APP000751,CAND00445,JOB0001,R002,22/04/2024,Interview,
APP000752,CAND00445,JOB0037,R003,26-Apr-2024,Applied,
APP000753,CAND00446,JOB0027,R004,11/29/2024,Interview,
APP000754,CAND00446,JOB0033,R004,17/06/2025,Screening,
APP000755,CAND00447,JOB0020,R004,11-Oct-2024,Rejected,02/11/2024
APP000756,CAND00448,JOB0016,R001,2024-06-23,Screening,
APP000757,CAND00449,JOB0001,R002,20/03/2024,Offer,
APP000758,CAND00449,JOB0035,R001,04/09/2024,Screening,
APP000759,CAND00450,JOB0001,R003,2024-03-20,Hired,05/09/2024
APP000760,CAND00450,JOB0034,R005,24/12/2024,Offer,
APP000761,CAND00450,JOB0034,R003,26-Oct-2024,Screening,
APP000762,CAND00451,JOB0028,R003,07/01/2025,Interview,
APP000763,CAND00452,JOB0016,R001,2024-08-20,Rejected,2024-10-16
APP000764,CAND00452,JOB0001,R002,04/15/2024,Offer,
APP000765,CAND00452,JOB0033,R005,16-May-2025,Rejected,
APP000766,CAND00453,JOB0022,R001,2024-04-28,Interview,
APP000767,CAND00453,JOB0026,R004,22/02/2024,Applied,
APP000768,CAND00454,JOB0010,R004,,Screening,
APP000769,CAND00454,JOB0017,R003,2024-10-12,Interview,
APP000770,CAND00455,JOB0035,R004,11/07/2024,Screening,
APP000771,CAND00456,JOB0023,R002,2024-08-12,Applied,
APP000772,CAND00457,JOB0026,R001,2024-03-01,Hired,30/04/2024
APP000773,CAND00458,JOB0018,R005,29/12/2024,Interview,
APP000774,CAND00458,JOB0009,R004,20/05/2025,Hired,11-Jul-2025
APP000775,CAND00458,JOB0025,R001,26-Sep-2024,Screening,
APP000776,CAND00459,JOB0033,R001,13/05/2025,Hired,05/31/2025
APP000777,CAND00460,JOB0001,R003,21/03/2024,Interview,
APP000778,CAND00460,JOB0016,R005,2024-08-30,Screening,
APP000779,CAND00460,JOB0008,R004,2024-03-20,Withdrawn,07-Apr-2024
APP000780,CAND00461,JOB0033,R005,29/07/2025,Screening,
APP000781,CAND00461,JOB0008,R003,03/03/2024,Interview,
APP000782,CAND00461,JOB0028,R001,01-May-2025,Offer,
APP000783,CAND00462,JOB0020,R002,2024-10-19,Offer,
APP000784,CAND00462,JOB0004,R001,2024-12-15,Interview,
APP000785,CAND00463,JOB0023,R001,2024-08-10,screening,
APP000786,CAND00464,JOB0021,R003,06/11/2025,Screening,
APP000787,CAND00464,JOB0012,R003,2024-09-23,Rejected,
APP000788,CAND00464,JOB0036,R003,03-Dec-2024,Interview,
APP000789,CAND00465,JOB0024,R002,15/12/2024,Offer,
APP000790,CAND00465,JOB0007,R005,2024-11-12,Offer,
APP000791,CAND00466,JOB0013,R001,08/29/2024,Hired,2024-09-07
APP000792,CAND00466,JOB0031,R002,,Interview,
APP000793,CAND00466,JOB0036,R005,12/19/2024,Rejected,08/02/2025
APP000794,CAND00467,JOB0008,R004,11/04/2024,Applied,
APP000795,CAND00467,JOB0002,R002,2024-04-20,Offer,
APP000796,CAND00467,JOB0004,R004,07/01/2025,Screening,
APP000797,CAND00468,JOB0005,R005,2024-11-01,Interview,
APP000798,CAND00468,JOB0026,R002,,Screening,
APP000799,CAND00469,JOB0001,R005,2024-03-31,Interview,
APP000800,CAND00469,JOB0019,R001,2025-08-25,Screening,
APP000801,CAND00470,JOB0019,R003,06/01/2025,Offer,
APP000802,CAND00471,JOB0016,R001,08/07/2024,Interview,
APP000803,CAND00472,JOB0021,R005,2025-05-25,Rejected,23-Jul-2025
APP000804,CAND00473,JOB0021,R001,22-May-2025,Offer,
APP000805,CAND00474,JOB0012,R005,2024-09-23,Withdrawn,2024-10-30
APP000806,CAND00475,JOB0017,R005,2024-12-03,Offer,
APP000807,CAND00475,JOB0021,R004,2025-06-18,Screening,
APP000808,CAND00475,JOB0028,R004,2025-06-15,Screening,
APP000809,CAND00476,JOB0012,R002,15/09/2024,Offer,
APP000810,CAND00477,JOB0012,R001,2024-10-11,Hired,26/10/2024
APP000811,CAND00478,JOB0026,R001,20/01/2024,Hired,
APP000812,CAND00478,JOB0001,R002,17-Apr-2024,Rejected,04/28/2024
APP000813,CAND00478,JOB0039,R001,20/11/2024,Rejected,23-Nov-2024
APP000814,CAND00479,JOB0013,R005,22-Aug-2024,Interview,
APP000815,CAND00480,JOB0022,R001,21/05/2024,Screening,
APP000816,CAND00481,JOB0008,R005,2024-02-18,Rejected,27-Feb-2024
APP000817,CAND00481,JOB0010,R002,14/03/2024,Rejected,18/03/2024
APP000818,CAND00482,JOB0025,R001,06/12/2024,Rejected,2025-01-30
APP000819,CAND00483,JOB0023,R001,2024-06-27,Offer,
APP000820,CAND00484,JOB0003,R004,14/04/2024,Screening,
APP000821,CAND00485,JOB0028,R003,18/05/2025,Rejected,03-Jul-2025
APP000822,CAND00485,JOB0018,R003,15-Feb-2025,Offer,
APP000823,CAND00485,JOB0005,R002,2024-10-11,Rejected,23-Oct-2024
APP000824,CAND00486,JOB0005,R003,2024-10-25,Offer,
APP000825,CAND00486,JOB0009,R003,02/05/2025,Hired,05/27/2025
APP000826,CAND00487,JOB0022,R002,2024-04-07,Rejected,21/05/2024
APP000827,CAND00487,JOB0032,R002,2024-06-17,Interview,
APP000828,CAND00488,JOB0034,R002,10-Dec-2024,Rejected,
APP000829,CAND00488,JOB0002,R002,05/15/2024,Offer,
APP000830,CAND00489,JOB0024,R002,02-Dec-2024,Screening,
APP000831,CAND00490,JOB0016,R002,2024-07-08,Rejected,2024-07-14
APP000832,CAND00490,JOB0002,R001,27-Jun-2024,Withdrawn,2024-07-23
APP000833,CAND00491,JOB0011,R002,2024-10-06,Screening,
APP000834,CAND00491,JOB0037,R002,15/05/2024,Screening,
APP000835,CAND00492,JOB0020,R003,20/09/2024,Interview,
APP000836,CAND00492,JOB0001,R001,02-Mar-2024,Screening,
APP000837,CAND00493,JOB0033,R004,01/06/2025,Applied,
APP000838,CAND00494,JOB0017,R002,26/11/2024,Interview,
APP000839,CAND00494,JOB0006,R002,02-Dec-2024,Interview,
APP000840,CAND00495,JOB0015,R005,24/02/2025,Screening,
APP000841,CAND00496,JOB0030,R004,03-May-2024,Screening,
APP000842,CAND00496,JOB0024,R003,2025-02-05,Interview,
APP000843,CAND00496,JOB0039,R003,2024-12-31,Applied,
APP000844,CAND00497,JOB0039,R002,20/11/2024,Hired,
APP000845,CAND00498,JOB0006,R005,12/08/2024,Offer,
APP000846,CAND00499,JOB0021,R003,26-May-2025,Rejected,29/05/2025
APP000847,CAND00500,JOB0026,R001,2024-02-22,Withdrawn,09/04/2024
APP000848,CAND00501,JOB0010,R004,17/03/2024,Offer,
APP000849,CAND00501,JOB0003,R004,2024-03-05,Screening,
APP000850,CAND00502,JOB0015,R002,01-Feb-2025,Rejected,03/17/2025
APP000851,CAND00502,JOB0034,R003,14/12/2024,Offer,
APP000852,CAND00502,JOB0019,R004,,Offer,
APP000853,CAND00503,JOB0025,R005,10/10/2024,Screening,
APP000854,CAND00503,JOB0037,R001,2024-06-11,Withdrawn,20/06/2024
APP000855,CAND00503,JOB0006,R003,2024-11-29,Screening,
APP000856,CAND00504,JOB0018,R001,2025-02-25,Interview,
APP000857,CAND00505,JOB0017,R004,13/11/2024,Withdrawn,2025-01-03
APP000858,CAND00505,JOB0037,R003,24/05/2024,Applied,
APP000859,CAND00506,JOB0009,R005,06/04/2025,Interview,
APP000860,CAND00506,JOB0027,R001,03/11/2024,Interview,
APP000861,CAND00506,JOB0016,R002,09-Sep-2024,Rejected,2024-09-12
APP000862,CAND00507,JOB0005,R004,08/11/2024,Interview,
APP000863,CAND00507,JOB0030,R004,2024-05-24,Interview,
APP000864,CAND00508,JOB0026,R003,2024-03-03,Screening,
APP000865,CAND00509,JOB0032,R001,2024-05-07,Hired,2024-06-09
APP000866,CAND00509,JOB0031,R003,22/04/2025,Offer,
APP000867,CAND00510,JOB0004,R002,2024-11-26,Rejected,12/29/2024
APP000868,CAND00510,JOB0028,R002,2025-06-02,Screening,
APP000869,CAND00511,JOB0006,R004,04/11/2024,Rejected,2024-12-05
APP000870,CAND00511,JOB0004,R003,10/22/2024,Rejected,2024-11-21
APP000871,CAND00512,JOB0031,R002,06/03/2025,Interview,
APP000872,CAND00512,JOB0037,R005,2024-05-11,Rejected,18/06/2024
APP000873,CAND00513,JOB0021,R003,,Withdrawn,09/26/2025
APP000874,CAND00514,JOB0021,R004,2025-05-29,Rejected,07/14/2025
APP000875,CAND00514,JOB0009,R005,2025-06-29,Interview,
APP000876,CAND00515,JOB0027,R002,28/11/2024,Offer,
APP000877,CAND00516,JOB0013,R001,2024-10-30,Offer,
APP000878,CAND00517,JOB0020,R004,24/09/2024,Rejected,04/10/2024
APP000879,CAND00518,JOB0035,R003,2024-07-31,Interview,
APP000880,CAND00519,JOB0024,R002,07/12/2024,Offer,
APP000881,CAND00519,JOB0028,R005,07/19/2025,Screening,
APP000882,CAND00520,JOB0006,R001,10/10/2024,Applied,
APP000883,CAND00521,JOB0040,R004,22/07/2024,Screening,
APP000884,CAND00521,JOB0019,R004,19/07/2025,Screening,
APP000885,CAND00522,JOB0008,R004,03/31/2024,Withdrawn,02-May-2024
APP000886,CAND00522,JOB0026,R002,08/01/2024,Rejected,01/03/2024
APP000887,CAND00523,JOB0027,R004,,Screening,
APP000888,CAND00524,JOB0034,R002,12/13/2024,Screening,
APP000889,CAND00525,JOB0036,R004,06-Jan-2025,Screening,
APP000890,CAND00526,JOB0028,R002,15/05/2025,Rejected,2025-06-11
APP000891,CAND00526,JOB0015,R005,2025-01-17,Hired,2025-01-28
APP000892,CAND00527,JOB0017,R003,2024-11-23,Screening,
APP000893,CAND00527,JOB0028,R005,2025-04-30,Offer,
APP000894,CAND00527,JOB0035,R001,17-Jun-2024,Offer,
APP000895,CAND00528,JOB0023,R002,2024-07-11,Screening,
APP000896,CAND00528,JOB0016,R001,2024-07-30,Hired,13/09/2024
APP000897,CAND00529,JOB0038,R005,2024-09-22,Screening,
APP000898,CAND00529,JOB0017,R004,07-Oct-2024,Screening,
APP000899,CAND00529,JOB0014,R001,29/10/2024,Screening,
APP000900,CAND00530,JOB0005,R003,06/11/2024,Hired,2024-12-03
APP000901,CAND00530,JOB0020,R005,23/07/2024,Rejected,2024-09-06
APP000902,CAND00530,JOB0022,R005,04/05/2024,interview,
APP000903,CAND00531,JOB0017,R001,29/09/2024,Screening,
APP000904,CAND00531,JOB0010,R002,,Rejected,2024-04-20
APP000905,CAND00532,JOB0009,R002,05/13/2025,Screening,
APP000906,CAND00532,JOB0036,R004,08/02/2025,Screening,
APP000907,CAND00532,JOB0013,R003,09/06/2024,Screening,
APP000908,CAND00533,JOB0020,R004,12/08/2024,Rejected,30/09/2024
APP000909,CAND00533,JOB0018,R005,2025-01-23,Offer,
APP000910,CAND00534,JOB0024,R002,03-Feb-2025,Rejected,2025-03-06
APP000911,CAND00535,JOB0019,R005,2025-08-12,Rejected,2025-09-25
APP000912,CAND00535,JOB0021,R002,2025-07-08,Rejected,2025-08-02
APP000913,CAND00536,JOB0008,R001,17-Feb-2024,Interview,
APP000914,CAND00537,JOB0021,R004,2025-06-13,Offer,
APP000915,CAND00537,JOB0014,R005,09/22/2024,Offer,
APP000916,CAND00538,JOB0005,R004,2024-12-23,Rejected,2025-01-21
APP000917,CAND00538,JOB0032,R003,12/06/2024,Applied,
APP000918,CAND00538,JOB0011,R004,2024-12-18,Interview,
APP000919,CAND00539,JOB0037,R002,23-Mar-2024,Rejected,13-Apr-2024
APP000920,CAND00540,JOB0003,R001,11/03/2024,Offer,
APP000921,CAND00540,JOB0027,R003,08/10/2024,Screening,
APP000922,CAND00541,JOB0032,R003,27/06/2024,Applied,
APP000923,CAND00542,JOB0008,R001,2024-04-03,Rejected,2024-04-12
APP000924,CAND00542,JOB0021,R002,2025-08-11,Hired,28-Aug-2025
APP000925,CAND00542,JOB0035,R001,2024-06-07,Rejected,2024-08-04
APP000926,CAND00543,JOB0005,R005,13-Nov-2024,Interview,
APP000927,CAND00544,JOB0011,R001,2024-10-20,Offer,
APP000928,CAND00544,JOB0038,R001,31/10/2024,Offer,
APP000929,CAND00544,JOB0031,R003,2025-06-27,Interview,
APP000930,CAND00545,JOB0006,R001,2024-10-30,Hired,2024-12-17
APP000931,CAND00546,JOB0014,R004,2024-12-06,applied,
APP000932,CAND00546,JOB0014,R004,2024-11-07,Rejected,22/11/2024
APP000933,CAND00546,JOB0034,R003,02-Dec-2024,Rejected,22-Jan-2025
APP000934,CAND00547,JOB0009,R004,07-May-2025,Rejected,03-Jun-2025
APP000935,CAND00548,JOB0005,R003,11/15/2024,Interview,
APP000936,CAND00549,JOB0010,R001,2024-05-12,Rejected,2024-07-01
APP000937,CAND00550,JOB0031,R003,2025-06-27,Interview,
APP000938,CAND00551,JOB0023,R004,12/08/2024,Screening,
APP000939,CAND00552,JOB0029,R001,31/01/2025,Interview,
APP000940,CAND00553,JOB0013,R002,11/09/2024,Screening,
APP000941,CAND00553,JOB0032,R001,15/06/2024,Interview,
APP000942,CAND00554,JOB0008,R003,2024-02-22,Rejected,2024-04-01
APP000943,CAND00555,JOB0026,R002,27-Feb-2024,Interview,
APP000944,CAND00555,JOB0018,R002,2025-02-15,Screening,
APP000945,CAND00556,JOB0019,R005,05/27/2025,Screening,
APP000946,CAND00556,JOB0020,R003,18/10/2024,Screening,
APP000947,CAND00557,JOB0030,R004,21/03/2024,Withdrawn,05/05/2024
APP000948,CAND00558,JOB0011,R005,2024-12-28,Hired,
APP000949,CAND00559,JOB0031,R001,18/04/2025,Applied,
APP000950,CAND00560,JOB0034,R002,01-Dec-2024,Screening,
APP000951,CAND00561,JOB0022,R003,05/17/2024,Interview,
APP000952,CAND00561,JOB0032,R001,12-May-2024,Interview,
APP000953,CAND00561,JOB0022,R005,26/05/2024,Rejected,22/07/2024
APP000954,CAND00562,JOB0002,R002,17/04/2024,Withdrawn,13/06/2024
APP000955,CAND00562,JOB0016,R003,2024-08-24,Hired,09/23/2024
APP000956,CAND00562,JOB0025,R003,30-Nov-2024,Screening,
APP000957,CAND00563,JOB0034,R003,20-Oct-2024,Screening,
APP000958,CAND00563,JOB0027,R001,05/10/2024,Screening,
APP000959,CAND00564,JOB0008,R003,2024-04-11,Rejected,20/05/2024
APP000960,CAND00564,JOB0010,R005,05/12/2024,Offer,
APP000961,CAND00565,JOB0011,R001,10-Nov-2024,interview,
APP000962,CAND00565,JOB0003,R005,2024-02-24,Screening,
APP000963,CAND00565,JOB0001,R001,,Interview,
APP000964,CAND00566,JOB0033,R002,08/05/2025,Withdrawn,2025-09-12
APP000965,CAND00567,JOB0013,R001,2024-09-29,Offer,
APP000966,CAND00567,JOB0023,R004,19/07/2024,Rejected,2024-08-31
APP000967,CAND00567,JOB0017,R002,22/10/2024,Offer,
APP000968,CAND00568,JOB0038,R003,2024-09-26,Hired,2024-10-11
APP000969,CAND00569,JOB0020,R005,2024-10-02,Rejected,03-Nov-2024
APP000970,CAND00570,JOB0009,R003,15/06/2025,Interview,
APP000971,CAND00571,JOB0030,R004,04/17/2024,Interview,
APP000972,CAND00572,JOB0002,R002,22/05/2024,Applied,
APP000973,CAND00572,JOB0016,R002,25/08/2024,Interview,
APP000974,CAND00573,JOB0004,R001,30/11/2024,Screening,
APP000975,CAND00574,JOB0030,R003,09-Mar-2024,Applied,
APP000976,CAND00574,JOB0022,R003,05/06/2024,Screening,
APP000977,CAND00575,JOB0008,R001,30-Apr-2024,Offer,
APP000978,CAND00576,JOB0032,R002,2024-04-27,Screening,
APP000979,CAND00576,JOB0001,R002,2024-03-28,offer,
APP000980,CAND00577,JOB0008,R002,2024-04-22,Screening,
APP000981,CAND00577,JOB0033,R001,2025-07-07,Interview,
APP000982,CAND00578,JOB0016,R005,20/08/2024,Screening,
APP000983,CAND00579,JOB0008,R001,2024-04-11,Screening,
APP000984,CAND00579,JOB0016,R005,2024-07-03,Interview,
APP000985,CAND00580,JOB0007,R003,2025-01-10,Interview,
APP000986,CAND00581,JOB0030,R001,2024-04-25,Rejected,2024-05-07
APP000987,CAND00582,JOB0020,R005,26/07/2024,Offer,
APP000988,CAND00582,JOB0023,R004,2024-07-05,Interview,
APP000989,CAND00583,JOB0033,R005,2025-07-15,Screening,
APP000990,CAND00584,JOB0010,R005,2024-04-28,Offer,
APP000991,CAND00584,JOB0009,R003,05/14/2025,Rejected,28-Jun-2025
APP000992,CAND00584,JOB0031,R002,22/05/2025,Withdrawn,02-Jul-2025
APP000993,CAND00585,JOB0017,R005,2024-09-30,Hired,09/11/2024
APP000994,CAND00585,JOB0003,R002,2024-01-31,Rejected,02/13/2024
APP000995,CAND00586,JOB0021,R002,2025-06-13,Withdrawn,06-Aug-2025
APP000996,CAND00586,JOB0025,R005,2024-11-02,Rejected,08-Nov-2024
APP000997,CAND00587,JOB0024,R001,01/31/2025,Offer,
APP000998,CAND00587,JOB0029,R005,14/02/2025,Screening,
APP000999,CAND00588,JOB0029,R002,24-Mar-2025,Screening,
APP001000,CAND00588,JOB0034,R001,22/10/2024,Applied,
APP001001,CAND00589,JOB0003,R004,14/02/2024,Rejected,2024-03-11
APP001002,CAND00590,JOB0034,R002,30/11/2024,Screening,
APP001003,CAND00590,JOB0023,R005,02-Aug-2024,Offer,
APP001004,CAND00590,JOB0029,R001,20/02/2025,Offer,
APP001005,CAND00591,JOB0020,R002,2024-08-03,Screening,
APP001006,CAND00591,JOB0002,R003,2024-04-27,Rejected,18-May-2024
APP001007,CAND00592,JOB0019,R002,05-Jun-2025,Interview,
APP001008,CAND00593,JOB0020,R005,11/09/2024,Offer,
APP001009,CAND00593,JOB0031,R001,2025-05-07,Offer,
APP001010,CAND00594,JOB0004,R003,10/28/2024,Screening,
APP001011,CAND00595,JOB0016,R005,08/14/2024,Applied,
APP001012,CAND00596,JOB0023,R005,06/27/2024,Rejected,07/08/2024
APP001013,CAND00597,JOB0018,R004,19/12/2024,Screening,
APP001014,CAND00598,JOB0031,R002,,Rejected,10-Jul-2025
APP001015,CAND00598,JOB0013,R004,12/10/2024,Offer,
APP001016,CAND00599,JOB0031,R004,10/04/2025,Interview,
APP001017,CAND00599,JOB0028,R004,2025-07-08,Screening,
APP001018,CAND00600,JOB0023,R001,2024-07-12,Interview,
APP000011,CAND00006,JOB0036,R001,2025-01-15,Offer,
APP000233,CAND00136,JOB0030,R003,24/03/2024,Screening,
APP000423,CAND00256,JOB0002,R005,2024-05-02,Rejected,05/22/2024
APP000766,CAND00453,JOB0022,R001,2024-04-28,Interview,
APP000771,CAND00456,JOB0023,R002,2024-08-12,Applied,
APP000910,CAND00534,JOB0024,R002,03-Feb-2025,Rejected,2025-03-06
APP000828,CAND00488,JOB0034,R002,10-Dec-2024,Rejected,
APP000813,CAND00478,JOB0039,R001,20/11/2024,Rejected,23-Nov-2024
APP000550,CAND00329,JOB0018,R001,2025-02-22,Withdrawn,09-Apr-2025
APP000582,CAND00349,JOB0040,R001,01/08/2024,Screening,
APP000047,CAND00029,JOB0035,R005,2024-07-31,Offer,
APP001015,CAND00598,JOB0013,R004,12/10/2024,Offer,
APP000822,CAND00485,JOB0018,R003,15-Feb-2025,Offer,
APP000016,CAND00010,JOB0028,R003,03-Jun-2025,Rejected,2025-06-14
APP000895,CAND00528,JOB0023,R002,2024-07-11,Screening,
APP000738,CAND00438,JOB0023,R002,03/09/2024,Interview,
APP000256,CAND00146,JOB0038,R003,18/10/2024,offer,
APP000833,CAND00491,JOB0011,R002,2024-10-06,Screening,
APP000059,CAND00037,JOB0018,R002,11/01/2025,Offer,
APP000079,CAND00049,JOB0010,R004,13/05/2024,Rejected,27-May-2024
APP000130,CAND00078,JOB0004,R001,28-Dec-2024,Screening,
APP000450,CAND00273,JOB0040,R005,10/07/2024,Rejected,
APP000185,CAND00110,JOB0034,R004,2024-10-16,Interview,
APP000290,CAND00168,JOB0003,R005,2024-02-21,Applied,
APP000045,CAND00028,JOB0034,R004,13/10/2024,Interview,
